<?xml version="1.0" encoding="utf-8" ?><quiz><title><![CDATA[My first quiz ]]></title><time><![CDATA[60]]></time><singlechoice><![CDATA[Select the best choice]]></singlechoice><multiplechoice><![CDATA[Select [$] answers]]></multiplechoice><nextbutton><![CDATA[Next]]></nextbutton><prevbutton><![CDATA[Prevoius]]></prevbutton><finishbutton><![CDATA[Finish Quiz]]></finishbutton><startbutton><![CDATA[Start the Quiz]]></startbutton><reviewbutton><![CDATA[Review]]></reviewbutton><resultscreentitle><![CDATA[Your score]]></resultscreentitle><resultscreenresultline><![CDATA[correct answers.]]></resultscreenresultline><welcometext><![CDATA[This quiz is an example for a quiz with a time limit. You have 60 seconds to answer all six questions.<br><br>Instructions<br>You must answer every question. You can go back to all answered questions and change your selections. If you press the 'Finish' button after the last answer, you can't make changes.anymore  If the time is elapsed, the quiz will end automatically.<br><br>Good luck.]]></welcometext><question><![CDATA[Who was the first president of the USA?]]><answer correct='false'><![CDATA[John Adams]]></answer><answer correct='false'><![CDATA[Abraham Lincoln]]></answer><answer correct='true'><![CDATA[Goerge Washington]]></answer><answer correct='false'><![CDATA[Barack Obama]]></answer></question><question><![CDATA[How big is the population of Australia?]]><answer correct='false'><![CDATA[18.000.000 peaple]]></answer><answer correct='false'><![CDATA[20.000.000 peaple]]></answer><answer correct='true'><![CDATA[22.000.000 peaple]]></answer><answer correct='false'><![CDATA[26.000.000 peaple]]></answer></question><question><![CDATA[Whoch European sighted the australien continet first?]]><answer correct='true'><![CDATA[Willem Janszoon]]></answer><answer correct='false'><![CDATA[Christoph Kolumbus]]></answer><answer correct='false'><![CDATA[Ferdinand Magellan]]></answer><answer correct='false'><![CDATA[Juan Fernández Ladrillero]]></answer></question><question><![CDATA[Which of these man was never president of the USA?]]><answer correct='false'><![CDATA[Martin Van Buren]]></answer><answer correct='false'><![CDATA[Benjamin Harrison]]></answer><answer correct='true'><![CDATA[James D. Roosevelt]]></answer><answer correct='true'><![CDATA[Jackson Ford]]></answer></question><question><![CDATA[Which of these is NOT a continent?]]><answer correct='false'><![CDATA[Australia]]></answer><answer correct='true'><![CDATA[Northpole]]></answer><answer correct='false'><![CDATA[Southpole]]></answer><answer correct='true'><![CDATA[India]]></answer></question><question><![CDATA[To which group of islands belongs Vulcano?]]><answer correct='false'><![CDATA[Canary Islands]]></answer><answer correct='false'><![CDATA[Philippines]]></answer><answer correct='true'><![CDATA[Aeolian Islands]]></answer><answer correct='false'><![CDATA[New Zealand]]></answer></question></quiz>