<?xml version="1.0" encoding="utf-8" ?><quiz><title><![CDATA[My New Quiz]]></title><time><![CDATA[60]]></time><singlechoice><![CDATA[Select the best choice]]></singlechoice><multiplechoice><![CDATA[Select [$] answers]]></multiplechoice><nextbutton><![CDATA[Next Question]]></nextbutton><prevbutton><![CDATA[Prevoius Question]]></prevbutton><finishbutton><![CDATA[Finish Quiz]]></finishbutton><startbutton><![CDATA[Start the Quiz]]></startbutton><reviewbutton><![CDATA[Review]]></reviewbutton><resultscreentitle><![CDATA[Your score]]></resultscreentitle><resultscreenresultline><![CDATA[correct answers.]]></resultscreenresultline><welcometext><![CDATA[This is the example quiz!]]></welcometext><question><![CDATA[The Second Question ?]]><answer correct='true'><![CDATA[No]]></answer><answer correct='false'><![CDATA[Yes]]></answer></question><question><![CDATA[The first Question?]]><answer correct='false'><![CDATA[Answer 1]]></answer><answer correct='true'><![CDATA[Answer 2]]></answer><answer correct='true'><![CDATA[Answer 3]]></answer><answer correct='false'><![CDATA[Answer4]]></answer></question></quiz>