<?xml version="1.0" encoding="utf-8" ?><quiz><title><![CDATA[The Second Quiz]]></title><time><![CDATA[6000]]></time><singlechoice><![CDATA[Wählen Sie die beste Antwort]]></singlechoice><multiplechoice><![CDATA[Wählen Sie [$] Antworten aus.]]></multiplechoice><nextbutton><![CDATA[Nächste Frage ]]></nextbutton><prevbutton><![CDATA[Letzte Frage]]></prevbutton><finishbutton><![CDATA[Beenden]]></finishbutton><startbutton><![CDATA[Start]]></startbutton><reviewbutton><![CDATA[Kontrolle]]></reviewbutton><resultscreentitle><![CDATA[Ihr Ergebnis]]></resultscreentitle><resultscreenresultline><![CDATA[richitige Antworten.]]></resultscreenresultline><welcometext><![CDATA[This is a quiz example about some Europa facts, <br> Click the answers.]]></welcometext><question><![CDATA[PHP is]]><answer correct='true'><![CDATA[a script Language]]></answer><answer correct='true'><![CDATA[object orientated]]></answer><answer correct='false'><![CDATA[a native language]]></answer><answer correct='false'><![CDATA[a operating system]]></answer></question><question><![CDATA[Which is the capital of France]]><answer correct='false'><![CDATA[Milano]]></answer><answer correct='false'><![CDATA[Berlin]]></answer><answer correct='true'><![CDATA[Paris]]></answer><answer correct='false'><![CDATA[Amsterdam]]></answer><answer correct='false'><![CDATA[London]]></answer></question><question><![CDATA[Which country in the European Union is the smallest (area)?]]><answer correct='true'><![CDATA[Luxemburg]]></answer><answer correct='false'><![CDATA[Germany]]></answer><answer correct='false'><![CDATA[Britain]]></answer><answer correct='false'><![CDATA[Serbia]]></answer></question></quiz>